{
    "deathstartopo": 2.325268817204301,
    "itsnukanick": 1.5581734954646298,
    "Ereb2464": 1.032186063122182,
    "megabaldo986739": 0.7089241034195163,
    "ciccy s": 1.1421319796954315
}